fold,formation_start,formation_end,trading_start,trading_end,pair,coint_pvalue,hedge_ratio
0,2015-01-01,2015-12-18,2015-12-21,2016-03-16,700 HK Equity vs 981 HK Equity,0.0002487510069183388,0.7306445219548547
0,2015-01-01,2015-12-18,2015-12-21,2016-03-16,1347 HK Equity vs 285 HK Equity,0.010636260178340021,0.3956350616976268
0,2015-01-01,2015-12-18,2015-12-21,2016-03-16,826 HK Equity vs 1171 HK Equity,0.00012921324445271887,1.0870950558435208
0,2015-01-01,2015-12-18,2015-12-21,2016-03-16,467 HK Equity vs 975 HK Equity,0.00013412831161437923,0.4602526828922163
0,2015-01-01,2015-12-18,2015-12-21,2016-03-16,1258 HK Equity vs 883 HK Equity,0.00047053082188632634,0.9211081292307175
0,2015-01-01,2015-12-18,2015-12-21,2016-03-16,3939 HK Equity vs 857 HK Equity,0.0009204056969194708,-0.32192230100250613
0,2015-01-01,2015-12-18,2015-12-21,2016-03-16,639 HK Equity vs 934 HK Equity,0.005147823259274061,1.2239509130544866
0,2015-01-01,2015-12-18,2015-12-21,2016-03-16,297 HK Equity vs 358 HK Equity,0.008607273958185353,0.9566833122820932
0,2015-01-01,2015-12-18,2015-12-21,2016-03-16,189 HK Equity vs 2600 HK Equity,0.011270011966760795,0.7016860765231372
0,2015-01-01,2015-12-18,2015-12-21,2016-03-16,2899 HK Equity vs 1898 HK Equity,0.01133702545706852,0.8839919616594076
0,2015-01-01,2015-12-18,2015-12-21,2016-03-16,1277 HK Equity vs 2883 HK Equity,0.019455659023230876,0.517135120316743
0,2015-01-01,2015-12-18,2015-12-21,2016-03-16,1378 HK Equity vs 2689 HK Equity,0.027640866534250512,1.3790404452918368
0,2015-01-01,2015-12-18,2015-12-21,2016-03-16,1164 HK Equity vs 1818 HK Equity,0.03477542383470501,1.48799826369054
0,2015-01-01,2015-12-18,2015-12-21,2016-03-16,1208 HK Equity vs 386 HK Equity,0.0711679384202265,1.8391195297827492
1,2015-03-31,2016-03-16,2016-03-17,2016-06-13,981 HK Equity vs 992 HK Equity,0.0030540109847474618,0.3117893648070612
1,2015-03-31,2016-03-16,2016-03-17,2016-06-13,1347 HK Equity vs 285 HK Equity,0.004181675077465355,0.39618514879483335
1,2015-03-31,2016-03-16,2016-03-17,2016-06-13,1208 HK Equity vs 883 HK Equity,0.0001714127185249225,1.5615626064731716
1,2015-03-31,2016-03-16,2016-03-17,2016-06-13,826 HK Equity vs 1088 HK Equity,0.0011985731689155065,1.7061952723415317
1,2015-03-31,2016-03-16,2016-03-17,2016-06-13,297 HK Equity vs 3899 HK Equity,0.001320849097090771,0.8074416376841719
1,2015-03-31,2016-03-16,2016-03-17,2016-06-13,1277 HK Equity vs 857 HK Equity,0.0033200491585357425,0.6784317876608134
1,2015-03-31,2016-03-16,2016-03-17,2016-06-13,2099 HK Equity vs 2899 HK Equity,0.005069494530460838,0.4222013383226406
1,2015-03-31,2016-03-16,2016-03-17,2016-06-13,639 HK Equity vs 934 HK Equity,0.0075628675138926784,1.2815023045547351
1,2015-03-31,2016-03-16,2016-03-17,2016-06-13,3939 HK Equity vs 1171 HK Equity,0.009376946853558391,-0.18069927264705024
1,2015-03-31,2016-03-16,2016-03-17,2016-06-13,358 HK Equity vs 2386 HK Equity,0.010837315629492285,2.138578178056877
1,2015-03-31,2016-03-16,2016-03-17,2016-06-13,1898 HK Equity vs 2883 HK Equity,0.011559846257607344,0.6160469018302334
1,2015-03-31,2016-03-16,2016-03-17,2016-06-13,1164 HK Equity vs 189 HK Equity,0.024040494169528196,1.0375765362111367
1,2015-03-31,2016-03-16,2016-03-17,2016-06-13,1258 HK Equity vs 3993 HK Equity,0.02714538668875374,0.685110887408257
1,2015-03-31,2016-03-16,2016-03-17,2016-06-13,467 HK Equity vs 975 HK Equity,0.03140607908289473,0.5151168875802832
1,2015-03-31,2016-03-16,2016-03-17,2016-06-13,2314 HK Equity vs 990 HK Equity,0.06817696615326144,0.0774582744549414
2,2015-06-26,2016-06-13,2016-06-14,2016-09-08,1347 HK Equity vs 285 HK Equity,0.0014078864471001595,0.3300146127012812
2,2015-06-26,2016-06-13,2016-06-14,2016-09-08,981 HK Equity vs 992 HK Equity,0.02024796281035416,0.36090061540325186
2,2015-06-26,2016-06-13,2016-06-14,2016-09-08,1171 HK Equity vs 883 HK Equity,0.00010804320760082222,1.297249032694445
2,2015-06-26,2016-06-13,2016-06-14,2016-09-08,189 HK Equity vs 467 HK Equity,0.00017444073846685764,0.493676263175729
2,2015-06-26,2016-06-13,2016-06-14,2016-09-08,826 HK Equity vs 1277 HK Equity,0.0006294907895904121,0.9553889190324418
2,2015-06-26,2016-06-13,2016-06-14,2016-09-08,1258 HK Equity vs 1818 HK Equity,0.0006975045840420897,-0.8779397407330187
2,2015-06-26,2016-06-13,2016-06-14,2016-09-08,2099 HK Equity vs 3939 HK Equity,0.0009476470331316647,-0.3706864381751966
2,2015-06-26,2016-06-13,2016-06-14,2016-09-08,2600 HK Equity vs 990 HK Equity,0.0013582401675168334,0.20534221403036038
2,2015-06-26,2016-06-13,2016-06-14,2016-09-08,1088 HK Equity vs 857 HK Equity,0.0013770216569832555,0.6191004378517894
2,2015-06-26,2016-06-13,2016-06-14,2016-09-08,934 HK Equity vs 975 HK Equity,0.002240774487476405,0.11473560804656958
2,2015-06-26,2016-06-13,2016-06-14,2016-09-08,297 HK Equity vs 3899 HK Equity,0.0027758390372195217,0.818895963825791
2,2015-06-26,2016-06-13,2016-06-14,2016-09-08,1208 HK Equity vs 386 HK Equity,0.004090902045155771,1.0068101135642749
2,2015-06-26,2016-06-13,2016-06-14,2016-09-08,2386 HK Equity vs 639 HK Equity,0.01207827993864191,0.19031454187489302
2,2015-06-26,2016-06-13,2016-06-14,2016-09-08,2314 HK Equity vs 2899 HK Equity,0.027683942687761483,0.5291453168326535
2,2015-06-26,2016-06-13,2016-06-14,2016-09-08,1378 HK Equity vs 2689 HK Equity,0.05006955069150905,1.156704146826089
2,2015-06-26,2016-06-13,2016-06-14,2016-09-08,358 HK Equity vs 2883 HK Equity,0.08064002052475294,0.4604721762883137
3,2015-09-23,2016-09-08,2016-09-09,2016-12-06,1211 HK Equity vs 285 HK Equity,0.0002265998319464493,0.5678525123059733
3,2015-09-23,2016-09-08,2016-09-09,2016-12-06,2382 HK Equity vs 700 HK Equity,0.0029660861628321563,2.2591707394150875
3,2015-09-23,2016-09-08,2016-09-09,2016-12-06,1277 HK Equity vs 3899 HK Equity,0.0008309180085875303,0.6621229448262739
3,2015-09-23,2016-09-08,2016-09-09,2016-12-06,1258 HK Equity vs 3939 HK Equity,0.0009173560352795032,0.7549874270990504
3,2015-09-23,2016-09-08,2016-09-09,2016-12-06,1378 HK Equity vs 2099 HK Equity,0.0013080980511155171,1.2935571979731362
3,2015-09-23,2016-09-08,2016-09-09,2016-12-06,1208 HK Equity vs 883 HK Equity,0.005216828428446043,0.9130611688866557
3,2015-09-23,2016-09-08,2016-09-09,2016-12-06,2689 HK Equity vs 2899 HK Equity,0.008135402748697824,0.7690494852115938
3,2015-09-23,2016-09-08,2016-09-09,2016-12-06,934 HK Equity vs 975 HK Equity,0.00823587634251338,0.07672427218343122
3,2015-09-23,2016-09-08,2016-09-09,2016-12-06,1088 HK Equity vs 1898 HK Equity,0.014683413176096307,0.5949576993237986
3,2015-09-23,2016-09-08,2016-09-09,2016-12-06,2386 HK Equity vs 639 HK Equity,0.029162387313172375,0.2202755669535414
3,2015-09-23,2016-09-08,2016-09-09,2016-12-06,189 HK Equity vs 467 HK Equity,0.03208331126536549,0.45530083965128315
4,2015-12-21,2016-12-06,2016-12-07,2017-03-03,285 HK Equity vs 700 HK Equity,0.02187017103845527,1.4752817514584315
4,2015-12-21,2016-12-06,2016-12-07,2017-03-03,189 HK Equity vs 883 HK Equity,0.00029439648189136827,-0.5216281518287181
4,2015-12-21,2016-12-06,2016-12-07,2017-03-03,1258 HK Equity vs 1277 HK Equity,0.0050710778808674565,1.4567006766397377
4,2015-12-21,2016-12-06,2016-12-07,2017-03-03,1088 HK Equity vs 639 HK Equity,0.007990171778791369,0.5271133494913481
4,2015-12-21,2016-12-06,2016-12-07,2017-03-03,1378 HK Equity vs 2099 HK Equity,0.015258756386287334,0.9957619621710355
4,2015-12-21,2016-12-06,2016-12-07,2017-03-03,3939 HK Equity vs 386 HK Equity,0.017511447816674137,-1.989256840357483
4,2015-12-21,2016-12-06,2016-12-07,2017-03-03,2386 HK Equity vs 3899 HK Equity,0.02611499020830312,-0.24005768423860835
4,2015-12-21,2016-12-06,2016-12-07,2017-03-03,1208 HK Equity vs 2600 HK Equity,0.050441084520233874,1.1010084264613176
4,2015-12-21,2016-12-06,2016-12-07,2017-03-03,1164 HK Equity vs 826 HK Equity,0.06136200620859554,0.6151447786193398
4,2015-12-21,2016-12-06,2016-12-07,2017-03-03,467 HK Equity vs 975 HK Equity,0.069117389640236,0.16115837149956996
4,2015-12-21,2016-12-06,2016-12-07,2017-03-03,2899 HK Equity vs 857 HK Equity,0.07014807602818242,1.388433114189302
4,2015-12-21,2016-12-06,2016-12-07,2017-03-03,297 HK Equity vs 3993 HK Equity,0.07281931997889586,-0.15158610716131077
4,2015-12-21,2016-12-06,2016-12-07,2017-03-03,1818 HK Equity vs 2314 HK Equity,0.0729501775523983,1.3246804453149292
4,2015-12-21,2016-12-06,2016-12-07,2017-03-03,1171 HK Equity vs 2883 HK Equity,0.09913919741330374,1.4148625226390754
5,2016-03-17,2017-03-03,2017-03-06,2017-05-31,2382 HK Equity vs 285 HK Equity,0.03352019757973711,1.2169738916963215
5,2016-03-17,2017-03-03,2017-03-06,2017-05-31,241 HK Equity vs 981 HK Equity,0.06320259092232419,-0.6159313947344146
5,2016-03-17,2017-03-03,2017-03-06,2017-05-31,189 HK Equity vs 1088 HK Equity,2.365897906228774e-21,0.006562295636100472
5,2016-03-17,2017-03-03,2017-03-06,2017-05-31,358 HK Equity vs 1277 HK Equity,0.0003578491423318953,1.191866376912747
5,2016-03-17,2017-03-03,2017-03-06,2017-05-31,2386 HK Equity vs 934 HK Equity,0.0013649496985417948,0.49611488665121656
5,2016-03-17,2017-03-03,2017-03-06,2017-05-31,2883 HK Equity vs 467 HK Equity,0.015346288468278577,0.4162057054088247
5,2016-03-17,2017-03-03,2017-03-06,2017-05-31,1164 HK Equity vs 2689 HK Equity,0.029494793982767747,1.130507816285817
5,2016-03-17,2017-03-03,2017-03-06,2017-05-31,1208 HK Equity vs 2600 HK Equity,0.030046865842231027,1.1008620983574682
5,2016-03-17,2017-03-03,2017-03-06,2017-05-31,3939 HK Equity vs 3899 HK Equity,0.030985698679805447,0.8277063897698689
5,2016-03-17,2017-03-03,2017-03-06,2017-05-31,639 HK Equity vs 975 HK Equity,0.03450615199216714,0.19206080869787495
5,2016-03-17,2017-03-03,2017-03-06,2017-05-31,386 HK Equity vs 857 HK Equity,0.06733199683263537,0.6772313125235432
5,2016-03-17,2017-03-03,2017-03-06,2017-05-31,2099 HK Equity vs 1898 HK Equity,0.08769833543436245,0.9488378435702652
6,2016-06-14,2017-05-31,2017-06-01,2017-08-28,1208 HK Equity vs 3939 HK Equity,0.0006506640629085744,1.5122429248341707
6,2016-06-14,2017-05-31,2017-06-01,2017-08-28,1258 HK Equity vs 990 HK Equity,0.0053452806798804636,0.8415795558982637
6,2016-06-14,2017-05-31,2017-06-01,2017-08-28,2099 HK Equity vs 1898 HK Equity,0.006260827568924085,1.5106679482231204
6,2016-06-14,2017-05-31,2017-06-01,2017-08-28,1088 HK Equity vs 1277 HK Equity,0.012255745707766325,0.4558698824769391
6,2016-06-14,2017-05-31,2017-06-01,2017-08-28,2883 HK Equity vs 467 HK Equity,0.012536954705646041,0.3859827153388734
6,2016-06-14,2017-05-31,2017-06-01,2017-08-28,3993 HK Equity vs 3899 HK Equity,0.01710599134839438,1.0170523883095268
6,2016-06-14,2017-05-31,2017-06-01,2017-08-28,883 HK Equity vs 934 HK Equity,0.030685606548012428,-0.29417311005955965
6,2016-06-14,2017-05-31,2017-06-01,2017-08-28,826 HK Equity vs 975 HK Equity,0.0332793718621234,0.41116721887283275
6,2016-06-14,2017-05-31,2017-06-01,2017-08-28,297 HK Equity vs 857 HK Equity,0.09347663203030232,1.2194639931786257
6,2016-06-14,2017-05-31,2017-06-01,2017-08-28,2600 HK Equity vs 358 HK Equity,0.09438605474484124,1.0049706432904075
7,2016-09-09,2017-08-28,2017-08-29,2017-11-23,700 HK Equity vs 981 HK Equity,0.06809635915730863,-1.1659110901815322
7,2016-09-09,2017-08-28,2017-08-29,2017-11-23,1818 HK Equity vs 2099 HK Equity,0.0005391263475815604,0.431106381727557
7,2016-09-09,2017-08-28,2017-08-29,2017-11-23,2883 HK Equity vs 467 HK Equity,0.01228807939298567,0.349974918149044
7,2016-09-09,2017-08-28,2017-08-29,2017-11-23,1378 HK Equity vs 297 HK Equity,0.016937179168975514,0.3852493595056778
7,2016-09-09,2017-08-28,2017-08-29,2017-11-23,1208 HK Equity vs 2600 HK Equity,0.018517750902145934,1.1494693597949877
7,2016-09-09,2017-08-28,2017-08-29,2017-11-23,883 HK Equity vs 934 HK Equity,0.04881062206859471,-0.4266004242183155
7,2016-09-09,2017-08-28,2017-08-29,2017-11-23,826 HK Equity vs 975 HK Equity,0.05122554035019334,0.44504028442258325
7,2016-09-09,2017-08-28,2017-08-29,2017-11-23,2899 HK Equity vs 3939 HK Equity,0.052999662193095425,0.47064346933147255
7,2016-09-09,2017-08-28,2017-08-29,2017-11-23,2689 HK Equity vs 3993 HK Equity,0.06804680165972653,0.6390591803364137
7,2016-09-09,2017-08-28,2017-08-29,2017-11-23,1088 HK Equity vs 1277 HK Equity,0.09104706041378519,0.45527248457194175
8,2016-12-07,2017-11-23,2017-11-24,2018-02-20,990 HK Equity vs 1088 HK Equity,0.00036766524737986625,-0.8795807601048852
8,2016-12-07,2017-11-23,2017-11-24,2018-02-20,2600 HK Equity vs 2689 HK Equity,0.004950140278837267,0.9456391516402454
8,2016-12-07,2017-11-23,2017-11-24,2018-02-20,1818 HK Equity vs 2099 HK Equity,0.01260414142260061,0.43132326248893366
8,2016-12-07,2017-11-23,2017-11-24,2018-02-20,358 HK Equity vs 639 HK Equity,0.015609692668526761,0.3278724946109429
8,2016-12-07,2017-11-23,2017-11-24,2018-02-20,3939 HK Equity vs 2883 HK Equity,0.019119072863265495,0.4388679689310205
8,2016-12-07,2017-11-23,2017-11-24,2018-02-20,3993 HK Equity vs 934 HK Equity,0.02180558782920165,2.4136414482790998
8,2016-12-07,2017-11-23,2017-11-24,2018-02-20,3899 HK Equity vs 975 HK Equity,0.08726806700094708,-0.2650559680349449
8,2016-12-07,2017-11-23,2017-11-24,2018-02-20,1378 HK Equity vs 467 HK Equity,0.09824354473900976,0.36943191073661763
9,2017-03-06,2018-02-20,2018-02-21,2018-05-18,241 HK Equity vs 700 HK Equity,0.04984970721233977,0.29341615265552873
9,2017-03-06,2018-02-20,2018-02-21,2018-05-18,2382 HK Equity vs 992 HK Equity,0.09999177080196137,-3.607571348628312
9,2017-03-06,2018-02-20,2018-02-21,2018-05-18,1088 HK Equity vs 1277 HK Equity,0.00010136291205270897,0.29932154844392667
9,2017-03-06,2018-02-20,2018-02-21,2018-05-18,3939 HK Equity vs 990 HK Equity,0.0006521986726582617,0.2884695120801419
9,2017-03-06,2018-02-20,2018-02-21,2018-05-18,2600 HK Equity vs 934 HK Equity,0.0013818781019979687,2.3227950333657152
9,2017-03-06,2018-02-20,2018-02-21,2018-05-18,1378 HK Equity vs 883 HK Equity,0.0036174298856985966,1.1657380140158127
9,2017-03-06,2018-02-20,2018-02-21,2018-05-18,2883 HK Equity vs 467 HK Equity,0.009286880283703745,0.3005106957371711
9,2017-03-06,2018-02-20,2018-02-21,2018-05-18,358 HK Equity vs 1898 HK Equity,0.02289812282937651,0.679057951291897
9,2017-03-06,2018-02-20,2018-02-21,2018-05-18,1258 HK Equity vs 3993 HK Equity,0.02920867852088398,0.7747574399987197
9,2017-03-06,2018-02-20,2018-02-21,2018-05-18,1164 HK Equity vs 2689 HK Equity,0.034337780652750276,-0.4121572360850999
9,2017-03-06,2018-02-20,2018-02-21,2018-05-18,826 HK Equity vs 1171 HK Equity,0.08929365549133395,0.7981352175780344
10,2017-06-01,2018-05-18,2018-05-21,2018-08-15,3939 HK Equity vs 934 HK Equity,0.0001277453127433274,0.3161646766758102
10,2017-06-01,2018-05-18,2018-05-21,2018-08-15,990 HK Equity vs 3899 HK Equity,0.004643005086131649,-0.21014875402580632
10,2017-06-01,2018-05-18,2018-05-21,2018-08-15,358 HK Equity vs 1898 HK Equity,0.005091067595240046,0.8164505213341349
10,2017-06-01,2018-05-18,2018-05-21,2018-08-15,1378 HK Equity vs 2883 HK Equity,0.006126325575121662,0.9823563261926017
10,2017-06-01,2018-05-18,2018-05-21,2018-08-15,1171 HK Equity vs 1277 HK Equity,0.0061578123819363735,0.6968647208541783
10,2017-06-01,2018-05-18,2018-05-21,2018-08-15,2099 HK Equity vs 639 HK Equity,0.024138213070345957,0.7582351730248845
10,2017-06-01,2018-05-18,2018-05-21,2018-08-15,189 HK Equity vs 467 HK Equity,0.030963097500705493,0.710556294931946
10,2017-06-01,2018-05-18,2018-05-21,2018-08-15,1208 HK Equity vs 826 HK Equity,0.0360633832421529,0.7976864724111883
10,2017-06-01,2018-05-18,2018-05-21,2018-08-15,3993 HK Equity vs 2386 HK Equity,0.05761498476265274,1.0962696560337404
10,2017-06-01,2018-05-18,2018-05-21,2018-08-15,857 HK Equity vs 883 HK Equity,0.07604496712059314,0.4594901470953061
10,2017-06-01,2018-05-18,2018-05-21,2018-08-15,2314 HK Equity vs 2689 HK Equity,0.08079133418956103,0.7463554136832096
11,2017-08-29,2018-08-15,2018-08-16,2018-11-12,1211 HK Equity vs 285 HK Equity,0.01285671125375814,0.508097482548021
11,2017-08-29,2018-08-15,2018-08-16,2018-11-12,2600 HK Equity vs 467 HK Equity,0.00022908229448469588,-0.6015947879821778
11,2017-08-29,2018-08-15,2018-08-16,2018-11-12,3939 HK Equity vs 975 HK Equity,0.0008657009965138874,0.16915784259740066
11,2017-08-29,2018-08-15,2018-08-16,2018-11-12,990 HK Equity vs 934 HK Equity,0.0023060262341811012,0.43201177717457495
11,2017-08-29,2018-08-15,2018-08-16,2018-11-12,2314 HK Equity vs 2689 HK Equity,0.008822025030608261,0.5884079841384223
11,2017-08-29,2018-08-15,2018-08-16,2018-11-12,2099 HK Equity vs 2899 HK Equity,0.010896125339614145,0.7243337939691581
11,2017-08-29,2018-08-15,2018-08-16,2018-11-12,2386 HK Equity vs 3899 HK Equity,0.010929902822343159,0.38334914830378747
11,2017-08-29,2018-08-15,2018-08-16,2018-11-12,1378 HK Equity vs 1088 HK Equity,0.014150073818911023,0.9942671911961422
11,2017-08-29,2018-08-15,2018-08-16,2018-11-12,1171 HK Equity vs 1277 HK Equity,0.04103132458149849,0.6458122076423668
11,2017-08-29,2018-08-15,2018-08-16,2018-11-12,857 HK Equity vs 883 HK Equity,0.07282585219395113,0.6183876377974779
11,2017-08-29,2018-08-15,2018-08-16,2018-11-12,826 HK Equity vs 386 HK Equity,0.07865294780483933,2.0452630043595286
11,2017-08-29,2018-08-15,2018-08-16,2018-11-12,1818 HK Equity vs 1898 HK Equity,0.09460439118167946,0.30538422405745563
12,2017-11-24,2018-11-12,2018-11-13,2019-02-07,3690 HK Equity vs 981 HK Equity,0.0012107970157887017,0.826238956135704
12,2017-11-24,2018-11-12,2018-11-13,2019-02-07,1810 HK Equity vs 700 HK Equity,0.013361990981914013,1.2702457487066396
12,2017-11-24,2018-11-12,2018-11-13,2019-02-07,2382 HK Equity vs 992 HK Equity,0.052271482157618614,-1.6712066937850643
12,2017-11-24,2018-11-12,2018-11-13,2019-02-07,1211 HK Equity vs 285 HK Equity,0.08085524958581075,0.6236296828281896
12,2017-11-24,2018-11-12,2018-11-13,2019-02-07,2314 HK Equity vs 990 HK Equity,0.003505603451272841,0.9818557878254036
12,2017-11-24,2018-11-12,2018-11-13,2019-02-07,3939 HK Equity vs 975 HK Equity,0.004737961256436939,0.17148768121441102
12,2017-11-24,2018-11-12,2018-11-13,2019-02-07,826 HK Equity vs 386 HK Equity,0.008097212288851963,1.434619396321281
12,2017-11-24,2018-11-12,2018-11-13,2019-02-07,1164 HK Equity vs 467 HK Equity,0.010484490152175797,-0.6701633000045198
12,2017-11-24,2018-11-12,2018-11-13,2019-02-07,1277 HK Equity vs 3899 HK Equity,0.012063735913786228,0.8138364575171569
12,2017-11-24,2018-11-12,2018-11-13,2019-02-07,1378 HK Equity vs 2689 HK Equity,0.01300815608877188,0.9741361336998441
12,2017-11-24,2018-11-12,2018-11-13,2019-02-07,1787 HK Equity vs 2386 HK Equity,0.013294443133659462,-0.853606704455187
12,2017-11-24,2018-11-12,2018-11-13,2019-02-07,2899 HK Equity vs 3993 HK Equity,0.03474744810849616,0.36131851796624725
12,2017-11-24,2018-11-12,2018-11-13,2019-02-07,297 HK Equity vs 934 HK Equity,0.03839793705413187,0.7260938897624839
12,2017-11-24,2018-11-12,2018-11-13,2019-02-07,1898 HK Equity vs 2883 HK Equity,0.04208816102690725,0.5116800985895777
12,2017-11-24,2018-11-12,2018-11-13,2019-02-07,358 HK Equity vs 1088 HK Equity,0.07433930228420649,1.269337105207608
12,2017-11-24,2018-11-12,2018-11-13,2019-02-07,189 HK Equity vs 639 HK Equity,0.08320925433375803,1.3501307564173899
12,2017-11-24,2018-11-12,2018-11-13,2019-02-07,857 HK Equity vs 883 HK Equity,0.0892734912040053,0.4885214725335744
13,2018-02-21,2019-02-07,2019-02-08,2019-05-07,2382 HK Equity vs 3690 HK Equity,0.0006732013695450695,0.5296953677854941
13,2018-02-21,2019-02-07,2019-02-08,2019-05-07,700 HK Equity vs 780 HK Equity,0.002501059191110895,0.26341856545247205
13,2018-02-21,2019-02-07,2019-02-08,2019-05-07,981 HK Equity vs 992 HK Equity,0.006256344430001853,-1.0377279974180866
13,2018-02-21,2019-02-07,2019-02-08,2019-05-07,241 HK Equity vs 285 HK Equity,0.081649514537815,-0.8795501823819486
13,2018-02-21,2019-02-07,2019-02-08,2019-05-07,1164 HK Equity vs 1378 HK Equity,0.00010623614975313215,1.149873619964193
13,2018-02-21,2019-02-07,2019-02-08,2019-05-07,990 HK Equity vs 3668 HK Equity,0.00043391717508197954,0.16212195900847173
13,2018-02-21,2019-02-07,2019-02-08,2019-05-07,3939 HK Equity vs 3993 HK Equity,0.0006870824316875955,0.0932680456170743
13,2018-02-21,2019-02-07,2019-02-08,2019-05-07,826 HK Equity vs 1277 HK Equity,0.0022415421977759645,-0.33666101880644467
13,2018-02-21,2019-02-07,2019-02-08,2019-05-07,297 HK Equity vs 639 HK Equity,0.0028521561642893068,0.4697289048614725
13,2018-02-21,2019-02-07,2019-02-08,2019-05-07,1772 HK Equity vs 2689 HK Equity,0.00400584107237166,1.3649420609733838
13,2018-02-21,2019-02-07,2019-02-08,2019-05-07,1898 HK Equity vs 2883 HK Equity,0.0076266402860184065,0.336705980292737
13,2018-02-21,2019-02-07,2019-02-08,2019-05-07,2314 HK Equity vs 2600 HK Equity,0.008990901407318322,0.5228380058446659
13,2018-02-21,2019-02-07,2019-02-08,2019-05-07,358 HK Equity vs 467 HK Equity,0.01249799786961867,-0.32597956135748674
13,2018-02-21,2019-02-07,2019-02-08,2019-05-07,1171 HK Equity vs 3899 HK Equity,0.012739528969248425,1.3096553549337102
13,2018-02-21,2019-02-07,2019-02-08,2019-05-07,2386 HK Equity vs 386 HK Equity,0.02948533785175659,0.6211168922606741
13,2018-02-21,2019-02-07,2019-02-08,2019-05-07,1088 HK Equity vs 934 HK Equity,0.05121995959970708,0.5918123328536289
13,2018-02-21,2019-02-07,2019-02-08,2019-05-07,1787 HK Equity vs 857 HK Equity,0.07550914141815149,-1.0686775834084692
14,2018-05-21,2019-05-07,2019-05-08,2019-08-02,700 HK Equity vs 780 HK Equity,9.07800871202243e-06,0.35501939710556474
14,2018-05-21,2019-05-07,2019-05-08,2019-08-02,2382 HK Equity vs 981 HK Equity,0.03539298446830552,1.6545746668444323
14,2018-05-21,2019-05-07,2019-05-08,2019-08-02,285 HK Equity vs 992 HK Equity,0.04543084166726985,0.14266123033814096
14,2018-05-21,2019-05-07,2019-05-08,2019-08-02,1211 HK Equity vs 1347 HK Equity,0.0686433332780939,-0.15241206981595118
14,2018-05-21,2019-05-07,2019-05-08,2019-08-02,1772 HK Equity vs 3993 HK Equity,0.00013297519518099468,0.5377329810181205
14,2018-05-21,2019-05-07,2019-05-08,2019-08-02,1258 HK Equity vs 934 HK Equity,0.0007081497743599417,1.2717753048291065
14,2018-05-21,2019-05-07,2019-05-08,2019-08-02,1277 HK Equity vs 975 HK Equity,0.0022431955269871847,0.13688445681614464
14,2018-05-21,2019-05-07,2019-05-08,2019-08-02,2600 HK Equity vs 1171 HK Equity,0.003794158967419393,0.7144037858999975
14,2018-05-21,2019-05-07,2019-05-08,2019-08-02,1164 HK Equity vs 189 HK Equity,0.004421836534936937,1.2802621309678004
14,2018-05-21,2019-05-07,2019-05-08,2019-08-02,2899 HK Equity vs 3939 HK Equity,0.006162806147186003,0.6014730536701615
14,2018-05-21,2019-05-07,2019-05-08,2019-08-02,1208 HK Equity vs 2099 HK Equity,0.012895231100564463,1.4514542187683022
14,2018-05-21,2019-05-07,2019-05-08,2019-08-02,1898 HK Equity vs 883 HK Equity,0.01572470200475995,0.33821524086002347
14,2018-05-21,2019-05-07,2019-05-08,2019-08-02,2314 HK Equity vs 990 HK Equity,0.01833897512086799,0.4563466680779104
14,2018-05-21,2019-05-07,2019-05-08,2019-08-02,1378 HK Equity vs 1907 HK Equity,0.01889768270983355,1.53973324624948
14,2018-05-21,2019-05-07,2019-05-08,2019-08-02,297 HK Equity vs 639 HK Equity,0.020448623416495327,0.5121486475359992
14,2018-05-21,2019-05-07,2019-05-08,2019-08-02,1787 HK Equity vs 1818 HK Equity,0.027187524712518594,1.0802877837036529
14,2018-05-21,2019-05-07,2019-05-08,2019-08-02,2386 HK Equity vs 386 HK Equity,0.06332994285747741,0.6202422384639268
14,2018-05-21,2019-05-07,2019-05-08,2019-08-02,2689 HK Equity vs 467 HK Equity,0.09053965057597413,-0.5317983609169333
15,2018-08-16,2019-08-02,2019-08-05,2019-10-30,1347 HK Equity vs 241 HK Equity,0.0001398725928800584,0.7266472961875498
15,2018-08-16,2019-08-02,2019-08-05,2019-10-30,1211 HK Equity vs 1810 HK Equity,0.010911317197340592,0.1517673701193148
15,2018-08-16,2019-08-02,2019-08-05,2019-10-30,285 HK Equity vs 700 HK Equity,0.0222005686086436,0.6446912324091214
15,2018-08-16,2019-08-02,2019-08-05,2019-10-30,1772 HK Equity vs 3993 HK Equity,9.209641107565877e-06,0.7479002227256307
15,2018-08-16,2019-08-02,2019-08-05,2019-10-30,1171 HK Equity vs 883 HK Equity,5.684083550610579e-05,1.3224375477077115
15,2018-08-16,2019-08-02,2019-08-05,2019-10-30,2689 HK Equity vs 386 HK Equity,0.0024186249292686072,0.8038126668163996
15,2018-08-16,2019-08-02,2019-08-05,2019-10-30,2600 HK Equity vs 3899 HK Equity,0.0040002845821352235,0.724747293178129
15,2018-08-16,2019-08-02,2019-08-05,2019-10-30,2099 HK Equity vs 857 HK Equity,0.005655461857268737,0.5973146387804263
15,2018-08-16,2019-08-02,2019-08-05,2019-10-30,1277 HK Equity vs 975 HK Equity,0.0058469302117637525,0.24471897233292225
15,2018-08-16,2019-08-02,2019-08-05,2019-10-30,1787 HK Equity vs 1818 HK Equity,0.013610349520368523,0.9846757526485137
15,2018-08-16,2019-08-02,2019-08-05,2019-10-30,1208 HK Equity vs 2314 HK Equity,0.013684681378191645,1.0473164682599696
15,2018-08-16,2019-08-02,2019-08-05,2019-10-30,1164 HK Equity vs 1907 HK Equity,0.01928799240555543,1.6015494957342697
15,2018-08-16,2019-08-02,2019-08-05,2019-10-30,297 HK Equity vs 934 HK Equity,0.04279790085179057,0.7952548570700577
15,2018-08-16,2019-08-02,2019-08-05,2019-10-30,2899 HK Equity vs 358 HK Equity,0.053205220503541484,0.7359508110647444
15,2018-08-16,2019-08-02,2019-08-05,2019-10-30,189 HK Equity vs 639 HK Equity,0.0559310863916676,1.5083354035229792
15,2018-08-16,2019-08-02,2019-08-05,2019-10-30,1258 HK Equity vs 826 HK Equity,0.05656181986040373,-0.5149593051865891
16,2018-11-13,2019-10-30,2019-10-31,2020-01-27,700 HK Equity vs 992 HK Equity,0.0009475608177224489,0.5211834896607548
16,2018-11-13,2019-10-30,2019-10-31,2020-01-27,1347 HK Equity vs 241 HK Equity,0.007986557752517342,0.6930000642761751
16,2018-11-13,2019-10-30,2019-10-31,2020-01-27,1211 HK Equity vs 3690 HK Equity,0.019731428547053034,-0.4106445254879238
16,2018-11-13,2019-10-30,2019-10-31,2020-01-27,285 HK Equity vs 981 HK Equity,0.08726592989651433,0.4416388353351214
16,2018-11-13,2019-10-30,2019-10-31,2020-01-27,2689 HK Equity vs 934 HK Equity,0.004690382784868005,1.293563813095386
16,2018-11-13,2019-10-30,2019-10-31,2020-01-27,2600 HK Equity vs 883 HK Equity,0.006283361233927164,1.292628603519078
16,2018-11-13,2019-10-30,2019-10-31,2020-01-27,1164 HK Equity vs 1378 HK Equity,0.00783290894166534,1.2459408505809721
16,2018-11-13,2019-10-30,2019-10-31,2020-01-27,1277 HK Equity vs 975 HK Equity,0.00791386818985201,0.24423911461977316
16,2018-11-13,2019-10-30,2019-10-31,2020-01-27,2314 HK Equity vs 857 HK Equity,0.013206348230620241,1.6662069199478027
16,2018-11-13,2019-10-30,2019-10-31,2020-01-27,1258 HK Equity vs 3993 HK Equity,0.02268952416296755,0.8540546237176271
16,2018-11-13,2019-10-30,2019-10-31,2020-01-27,1898 HK Equity vs 3899 HK Equity,0.05122172244869868,0.17315682315900477
16,2018-11-13,2019-10-30,2019-10-31,2020-01-27,1907 HK Equity vs 826 HK Equity,0.05365150970194714,-0.15129618973802544
16,2018-11-13,2019-10-30,2019-10-31,2020-01-27,1208 HK Equity vs 2386 HK Equity,0.05726427180973258,1.5497460298519714
16,2018-11-13,2019-10-30,2019-10-31,2020-01-27,2899 HK Equity vs 358 HK Equity,0.07882875390679933,0.8278115247497729
16,2018-11-13,2019-10-30,2019-10-31,2020-01-27,3668 HK Equity vs 386 HK Equity,0.0866188009955689,0.6205817097150756
17,2019-02-08,2020-01-27,2020-01-28,2020-04-23,1347 HK Equity vs 9988 HK Equity,0.004738787592171602,2.237510742681007
17,2019-02-08,2020-01-27,2020-01-28,2020-04-23,3668 HK Equity vs 386 HK Equity,0.00088933680842834,0.6388524588377927
17,2019-02-08,2020-01-27,2020-01-28,2020-04-23,2386 HK Equity vs 3899 HK Equity,0.001481170545502603,0.8611566953098081
17,2019-02-08,2020-01-27,2020-01-28,2020-04-23,1907 HK Equity vs 826 HK Equity,0.004540587872046807,-0.24792839741486075
17,2019-02-08,2020-01-27,2020-01-28,2020-04-23,1164 HK Equity vs 883 HK Equity,0.006189993792607507,1.157219666641786
17,2019-02-08,2020-01-27,2020-01-28,2020-04-23,297 HK Equity vs 1277 HK Equity,0.017134136932175643,0.9272012527838369
17,2019-02-08,2020-01-27,2020-01-28,2020-04-23,1171 HK Equity vs 1898 HK Equity,0.02881664738708238,1.36608656955971
17,2019-02-08,2020-01-27,2020-01-28,2020-04-23,1921 HK Equity vs 639 HK Equity,0.03152559978187586,-1.137034643515134
17,2019-02-08,2020-01-27,2020-01-28,2020-04-23,1208 HK Equity vs 189 HK Equity,0.034344989119528456,1.5162395839402307
17,2019-02-08,2020-01-27,2020-01-28,2020-04-23,2600 HK Equity vs 3939 HK Equity,0.03606189693121508,0.849473078612997
17,2019-02-08,2020-01-27,2020-01-28,2020-04-23,1088 HK Equity vs 857 HK Equity,0.04344338651546649,0.6037655523103987
17,2019-02-08,2020-01-27,2020-01-28,2020-04-23,2314 HK Equity vs 358 HK Equity,0.06469498346964843,2.0982762011436686
18,2019-05-08,2020-04-23,2020-04-24,2020-07-21,285 HK Equity vs 9988 HK Equity,0.00030729668720285536,1.6156259590861979
18,2019-05-08,2020-04-23,2020-04-24,2020-07-21,700 HK Equity vs 981 HK Equity,0.07770877857514663,0.260296531683599
18,2019-05-08,2020-04-23,2020-04-24,2020-07-21,1164 HK Equity vs 386 HK Equity,2.9730807907208906e-06,0.8887283973751003
18,2019-05-08,2020-04-23,2020-04-24,2020-07-21,2386 HK Equity vs 3899 HK Equity,2.3602175578580902e-05,1.0960666825430954
18,2019-05-08,2020-04-23,2020-04-24,2020-07-21,1787 HK Equity vs 189 HK Equity,0.0012232108972542082,-0.7393843886451861
18,2019-05-08,2020-04-23,2020-04-24,2020-07-21,1171 HK Equity vs 1921 HK Equity,0.0035794865002034652,0.5397445890474991
18,2019-05-08,2020-04-23,2020-04-24,2020-07-21,297 HK Equity vs 3668 HK Equity,0.006105363656896182,0.6238379330521738
18,2019-05-08,2020-04-23,2020-04-24,2020-07-21,639 HK Equity vs 857 HK Equity,0.01275956241162421,0.3761617008854095
18,2019-05-08,2020-04-23,2020-04-24,2020-07-21,2689 HK Equity vs 826 HK Equity,0.013636710619672844,0.7243615072560322
18,2019-05-08,2020-04-23,2020-04-24,2020-07-21,1258 HK Equity vs 2899 HK Equity,0.017889491372078247,0.5962053720442875
18,2019-05-08,2020-04-23,2020-04-24,2020-07-21,1088 HK Equity vs 975 HK Equity,0.01860069953414112,0.14579410727208703
18,2019-05-08,2020-04-23,2020-04-24,2020-07-21,1378 HK Equity vs 2099 HK Equity,0.027879959133163098,0.6484575840547611
18,2019-05-08,2020-04-23,2020-04-24,2020-07-21,3939 HK Equity vs 3993 HK Equity,0.05854050233831654,-0.1633943934721235
19,2019-08-05,2020-07-21,2020-07-22,2020-10-16,1211 HK Equity vs 9999 HK Equity,0.0020535785941916676,2.230666994266179
19,2019-08-05,2020-07-21,2020-07-22,2020-10-16,2382 HK Equity vs 992 HK Equity,0.016567233209027383,0.28147764802456365
19,2019-08-05,2020-07-21,2020-07-22,2020-10-16,285 HK Equity vs 9988 HK Equity,0.018684043330332266,1.5802990683954425
19,2019-08-05,2020-07-21,2020-07-22,2020-10-16,700 HK Equity vs 981 HK Equity,0.02123617095427817,0.3645611615648523
19,2019-08-05,2020-07-21,2020-07-22,2020-10-16,2386 HK Equity vs 3899 HK Equity,4.564541500910909e-05,1.142472129926653
19,2019-08-05,2020-07-21,2020-07-22,2020-10-16,1164 HK Equity vs 639 HK Equity,0.0001549408432386995,0.906361290291572
19,2019-08-05,2020-07-21,2020-07-22,2020-10-16,1921 HK Equity vs 3668 HK Equity,0.0004470628820963496,0.7347536543621244
19,2019-08-05,2020-07-21,2020-07-22,2020-10-16,1907 HK Equity vs 1277 HK Equity,0.001066559692189245,1.1739385300826006
19,2019-08-05,2020-07-21,2020-07-22,2020-10-16,1258 HK Equity vs 3939 HK Equity,0.0012395186263394406,-1.0982865164299362
19,2019-08-05,2020-07-21,2020-07-22,2020-10-16,1171 HK Equity vs 975 HK Equity,0.01179225064252283,0.24608902383731854
19,2019-08-05,2020-07-21,2020-07-22,2020-10-16,1088 HK Equity vs 386 HK Equity,0.017121609580835733,0.6052962851041637
19,2019-08-05,2020-07-21,2020-07-22,2020-10-16,1378 HK Equity vs 2099 HK Equity,0.023707507821319376,0.5175357369246104
19,2019-08-05,2020-07-21,2020-07-22,2020-10-16,189 HK Equity vs 2600 HK Equity,0.02487646054161021,0.42868343543411114
19,2019-08-05,2020-07-21,2020-07-22,2020-10-16,297 HK Equity vs 883 HK Equity,0.025338249334041246,0.4260436624349688
19,2019-08-05,2020-07-21,2020-07-22,2020-10-16,1818 HK Equity vs 826 HK Equity,0.032056262315466946,-0.36267964574714073
19,2019-08-05,2020-07-21,2020-07-22,2020-10-16,1208 HK Equity vs 934 HK Equity,0.03292281001222861,1.7662926059704538
19,2019-08-05,2020-07-21,2020-07-22,2020-10-16,990 HK Equity vs 1898 HK Equity,0.03568121149283943,0.5964675629541885
19,2019-08-05,2020-07-21,2020-07-22,2020-10-16,2689 HK Equity vs 3993 HK Equity,0.039687193493742556,0.5507536593027027
19,2019-08-05,2020-07-21,2020-07-22,2020-10-16,467 HK Equity vs 857 HK Equity,0.04769330319274996,0.0714481585267819
20,2019-10-31,2020-10-16,2020-10-19,2021-01-13,285 HK Equity vs 9988 HK Equity,0.0034811256586970013,2.579929847166102
20,2019-10-31,2020-10-16,2020-10-19,2021-01-13,780 HK Equity vs 9999 HK Equity,0.005664644905688481,0.3063019704622989
20,2019-10-31,2020-10-16,2020-10-19,2021-01-13,1347 HK Equity vs 9618 HK Equity,0.02184322801824653,-0.0905884197621484
20,2019-10-31,2020-10-16,2020-10-19,2021-01-13,1211 HK Equity vs 1810 HK Equity,0.05159605616247848,1.1670161098729224
20,2019-10-31,2020-10-16,2020-10-19,2021-01-13,1171 HK Equity vs 1921 HK Equity,9.581666651981789e-05,0.45349498572059843
20,2019-10-31,2020-10-16,2020-10-19,2021-01-13,1907 HK Equity vs 1277 HK Equity,0.00018882144221267074,1.1026392388755852
20,2019-10-31,2020-10-16,2020-10-19,2021-01-13,1164 HK Equity vs 1208 HK Equity,0.0002766324477257159,0.3601689178794424
20,2019-10-31,2020-10-16,2020-10-19,2021-01-13,189 HK Equity vs 2386 HK Equity,0.005604512393861312,0.6519185799693097
20,2019-10-31,2020-10-16,2020-10-19,2021-01-13,826 HK Equity vs 1898 HK Equity,0.006108075976631883,0.4128682139067307
20,2019-10-31,2020-10-16,2020-10-19,2021-01-13,2883 HK Equity vs 386 HK Equity,0.0064484850657046825,2.0795080647885533
20,2019-10-31,2020-10-16,2020-10-19,2021-01-13,2099 HK Equity vs 2689 HK Equity,0.006509546727074921,2.483615174845794
20,2019-10-31,2020-10-16,2020-10-19,2021-01-13,1818 HK Equity vs 467 HK Equity,0.00756115749827401,-0.37533194611147597
20,2019-10-31,2020-10-16,2020-10-19,2021-01-13,3939 HK Equity vs 3668 HK Equity,0.01356688224795346,-0.10259912033716126
20,2019-10-31,2020-10-16,2020-10-19,2021-01-13,297 HK Equity vs 883 HK Equity,0.029053386058803424,0.3399112136721966
20,2019-10-31,2020-10-16,2020-10-19,2021-01-13,1772 HK Equity vs 1787 HK Equity,0.04026727417714645,1.2451077916336732
20,2019-10-31,2020-10-16,2020-10-19,2021-01-13,1088 HK Equity vs 3899 HK Equity,0.04802691474172471,0.44745195362901463
20,2019-10-31,2020-10-16,2020-10-19,2021-01-13,1378 HK Equity vs 639 HK Equity,0.0917975931783534,1.6394316544610503
21,2020-01-28,2021-01-13,2021-01-14,2021-04-12,780 HK Equity vs 9999 HK Equity,0.0021586620875888004,0.2959568429854144
21,2020-01-28,2021-01-13,2021-01-14,2021-04-12,3690 HK Equity vs 9618 HK Equity,0.03893239541244021,1.2502379514659374
21,2020-01-28,2021-01-13,2021-01-14,2021-04-12,241 HK Equity vs 981 HK Equity,0.054164171510756906,0.5221016970466416
21,2020-01-28,2021-01-13,2021-01-14,2021-04-12,1347 HK Equity vs 700 HK Equity,0.09519034106175978,2.0577091320687746
21,2020-01-28,2021-01-13,2021-01-14,2021-04-12,1171 HK Equity vs 467 HK Equity,0.0003828590481988974,0.3207883258308621
21,2020-01-28,2021-01-13,2021-01-14,2021-04-12,826 HK Equity vs 1277 HK Equity,0.0013642192885798684,1.0559812150634331
21,2020-01-28,2021-01-13,2021-01-14,2021-04-12,1378 HK Equity vs 2899 HK Equity,0.001615988831106685,0.7307656762550652
21,2020-01-28,2021-01-13,2021-01-14,2021-04-12,1772 HK Equity vs 358 HK Equity,0.002993567449815877,1.9461934249540371
21,2020-01-28,2021-01-13,2021-01-14,2021-04-12,1818 HK Equity vs 639 HK Equity,0.005365469059999816,0.5567370589859545
21,2020-01-28,2021-01-13,2021-01-14,2021-04-12,297 HK Equity vs 2386 HK Equity,0.007649462014585842,0.5091549565739253
21,2020-01-28,2021-01-13,2021-01-14,2021-04-12,3939 HK Equity vs 990 HK Equity,0.008131428351886915,0.3556294530466536
21,2020-01-28,2021-01-13,2021-01-14,2021-04-12,1088 HK Equity vs 3899 HK Equity,0.008770118398620123,0.30212949120751104
21,2020-01-28,2021-01-13,2021-01-14,2021-04-12,883 HK Equity vs 975 HK Equity,0.011894003689924236,-0.1343015180898825
21,2020-01-28,2021-01-13,2021-01-14,2021-04-12,1258 HK Equity vs 2600 HK Equity,0.021778623693641086,0.5114880804345374
21,2020-01-28,2021-01-13,2021-01-14,2021-04-12,2099 HK Equity vs 2689 HK Equity,0.055656290545711896,2.2770352298523115
21,2020-01-28,2021-01-13,2021-01-14,2021-04-12,1921 HK Equity vs 857 HK Equity,0.07196186777391478,0.5473963484513054
21,2020-01-28,2021-01-13,2021-01-14,2021-04-12,189 HK Equity vs 1907 HK Equity,0.07686348909362595,1.3718018349549752
22,2020-04-24,2021-04-12,2021-04-13,2021-07-08,285 HK Equity vs 9618 HK Equity,0.010028482069936964,1.6911490074860116
22,2020-04-24,2021-04-12,2021-04-13,2021-07-08,241 HK Equity vs 992 HK Equity,0.047746432303184934,0.2816592547306948
22,2020-04-24,2021-04-12,2021-04-13,2021-07-08,1347 HK Equity vs 700 HK Equity,0.06641454721069344,2.201494878825295
22,2020-04-24,2021-04-12,2021-04-13,2021-07-08,1921 HK Equity vs 934 HK Equity,6.251493004258685e-06,0.6842104203155346
22,2020-04-24,2021-04-12,2021-04-13,2021-07-08,1818 HK Equity vs 2386 HK Equity,0.0004955303989976809,-0.7850958774935716
22,2020-04-24,2021-04-12,2021-04-13,2021-07-08,189 HK Equity vs 975 HK Equity,0.0009398046989597913,0.34707419329127365
22,2020-04-24,2021-04-12,2021-04-13,2021-07-08,1258 HK Equity vs 3993 HK Equity,0.001419488426500688,0.5427244316718864
22,2020-04-24,2021-04-12,2021-04-13,2021-07-08,2899 HK Equity vs 639 HK Equity,0.0027279068824984914,4.187533787032334
22,2020-04-24,2021-04-12,2021-04-13,2021-07-08,1277 HK Equity vs 3899 HK Equity,0.00428128133230597,0.6459462359103113
22,2020-04-24,2021-04-12,2021-04-13,2021-07-08,1907 HK Equity vs 990 HK Equity,0.006325961208681207,0.5060852409083865
22,2020-04-24,2021-04-12,2021-04-13,2021-07-08,1208 HK Equity vs 358 HK Equity,0.012970239585691554,1.4275085677585697
22,2020-04-24,2021-04-12,2021-04-13,2021-07-08,3939 HK Equity vs 826 HK Equity,0.016361868426043574,0.5742793231432924
22,2020-04-24,2021-04-12,2021-04-13,2021-07-08,1378 HK Equity vs 2314 HK Equity,0.04508571188930925,1.7238439439123867
22,2020-04-24,2021-04-12,2021-04-13,2021-07-08,1164 HK Equity vs 386 HK Equity,0.052097045158674804,2.825242801047734
22,2020-04-24,2021-04-12,2021-04-13,2021-07-08,1787 HK Equity vs 3668 HK Equity,0.07736715900986697,0.8308761116826916
22,2020-04-24,2021-04-12,2021-04-13,2021-07-08,1088 HK Equity vs 1898 HK Equity,0.09108057389804275,0.2566673948668745
23,2020-07-22,2021-07-08,2021-07-09,2021-10-05,285 HK Equity vs 9999 HK Equity,0.003693276727054453,1.2319311906610744
23,2020-07-22,2021-07-08,2021-07-09,2021-10-05,3690 HK Equity vs 700 HK Equity,0.004366021482388622,1.5130762022560433
23,2020-07-22,2021-07-08,2021-07-09,2021-10-05,780 HK Equity vs 9988 HK Equity,0.03244839055494639,-0.9996014648861038
23,2020-07-22,2021-07-08,2021-07-09,2021-10-05,1347 HK Equity vs 992 HK Equity,0.07476532384691344,0.6323945904867249
23,2020-07-22,2021-07-08,2021-07-09,2021-10-05,1818 HK Equity vs 297 HK Equity,0.0017214691063182955,-0.48123872481622676
23,2020-07-22,2021-07-08,2021-07-09,2021-10-05,1258 HK Equity vs 1898 HK Equity,0.0033300625229973403,0.858031068957109
23,2020-07-22,2021-07-08,2021-07-09,2021-10-05,3668 HK Equity vs 934 HK Equity,0.00447216346416505,0.6523447822553269
23,2020-07-22,2021-07-08,2021-07-09,2021-10-05,2899 HK Equity vs 975 HK Equity,0.0054915078256819105,0.4051360033628659
23,2020-07-22,2021-07-08,2021-07-09,2021-10-05,3939 HK Equity vs 826 HK Equity,0.007515186982203383,0.571828657653382
23,2020-07-22,2021-07-08,2021-07-09,2021-10-05,2600 HK Equity vs 1277 HK Equity,0.008697337286529196,1.6543515692405055
23,2020-07-22,2021-07-08,2021-07-09,2021-10-05,1787 HK Equity vs 3899 HK Equity,0.008931014812207547,-0.43649723698249876
23,2020-07-22,2021-07-08,2021-07-09,2021-10-05,1171 HK Equity vs 2386 HK Equity,0.017322347937589085,1.3616910600867558
23,2020-07-22,2021-07-08,2021-07-09,2021-10-05,1378 HK Equity vs 2099 HK Equity,0.026695612722528708,0.8111562820169471
23,2020-07-22,2021-07-08,2021-07-09,2021-10-05,358 HK Equity vs 386 HK Equity,0.041257880393456646,2.285435228596675
23,2020-07-22,2021-07-08,2021-07-09,2021-10-05,2689 HK Equity vs 2883 HK Equity,0.051674221416878365,0.501590738565521
24,2020-10-19,2021-10-05,2021-10-06,2021-12-31,3690 HK Equity vs 700 HK Equity,0.015294893369113268,1.1310642345236708
24,2020-10-19,2021-10-05,2021-10-06,2021-12-31,1347 HK Equity vs 981 HK Equity,0.01691022196586313,0.9123280766019449
24,2020-10-19,2021-10-05,2021-10-06,2021-12-31,285 HK Equity vs 9999 HK Equity,0.028555410366171836,1.1471583010086897
24,2020-10-19,2021-10-05,2021-10-06,2021-12-31,1211 HK Equity vs 241 HK Equity,0.0890416843130653,-0.2905749652388658
24,2020-10-19,2021-10-05,2021-10-06,2021-12-31,3668 HK Equity vs 639 HK Equity,0.0007762312077925889,0.6191811053961298
24,2020-10-19,2021-10-05,2021-10-06,2021-12-31,1208 HK Equity vs 386 HK Equity,0.0011452190518998204,2.28850003034397
24,2020-10-19,2021-10-05,2021-10-06,2021-12-31,1787 HK Equity vs 297 HK Equity,0.001446966679223715,-0.43121875503661267
24,2020-10-19,2021-10-05,2021-10-06,2021-12-31,1277 HK Equity vs 3899 HK Equity,0.0020182522227671245,0.6802962428400304
24,2020-10-19,2021-10-05,2021-10-06,2021-12-31,1378 HK Equity vs 2099 HK Equity,0.00279390511745797,0.735352948713088
24,2020-10-19,2021-10-05,2021-10-06,2021-12-31,3939 HK Equity vs 2883 HK Equity,0.011629025393247347,0.37319358953749393
24,2020-10-19,2021-10-05,2021-10-06,2021-12-31,3993 HK Equity vs 975 HK Equity,0.028265284059722694,0.30521930607304076
24,2020-10-19,2021-10-05,2021-10-06,2021-12-31,883 HK Equity vs 934 HK Equity,0.02863912796914279,1.1921482532690977
24,2020-10-19,2021-10-05,2021-10-06,2021-12-31,2600 HK Equity vs 1171 HK Equity,0.034649455690585244,1.0417586709576543
24,2020-10-19,2021-10-05,2021-10-06,2021-12-31,1258 HK Equity vs 990 HK Equity,0.03612418720369022,0.33051690485263047
24,2020-10-19,2021-10-05,2021-10-06,2021-12-31,2899 HK Equity vs 358 HK Equity,0.04233964230878434,0.9884514904452224
24,2020-10-19,2021-10-05,2021-10-06,2021-12-31,1164 HK Equity vs 1818 HK Equity,0.04648469480629708,-2.155965891482688
24,2020-10-19,2021-10-05,2021-10-06,2021-12-31,1772 HK Equity vs 467 HK Equity,0.05235951125938008,-0.6366757773779375
24,2020-10-19,2021-10-05,2021-10-06,2021-12-31,1921 HK Equity vs 857 HK Equity,0.0629066541276665,1.4746857030335945
25,2021-01-14,2021-12-31,2022-01-03,2022-03-30,981 HK Equity vs 9988 HK Equity,0.0032545514425073568,0.3587710131577644
25,2021-01-14,2021-12-31,2022-01-03,2022-03-30,1810 HK Equity vs 285 HK Equity,0.012831002112984527,0.48770517016030396
25,2021-01-14,2021-12-31,2022-01-03,2022-03-30,1347 HK Equity vs 780 HK Equity,0.015985407121060686,-0.3186827149687325
25,2021-01-14,2021-12-31,2022-01-03,2022-03-30,2382 HK Equity vs 992 HK Equity,0.06283227314196464,-0.532354066887733
25,2021-01-14,2021-12-31,2022-01-03,2022-03-30,3939 HK Equity vs 1898 HK Equity,0.00012315264175251397,-0.1686880463858386
25,2021-01-14,2021-12-31,2022-01-03,2022-03-30,2099 HK Equity vs 934 HK Equity,0.000196511966164031,1.8148097218976271
25,2021-01-14,2021-12-31,2022-01-03,2022-03-30,826 HK Equity vs 2386 HK Equity,0.003368820043135888,-0.9020160113306469
25,2021-01-14,2021-12-31,2022-01-03,2022-03-30,2899 HK Equity vs 467 HK Equity,0.004800045294394816,0.10876574574337301
25,2021-01-14,2021-12-31,2022-01-03,2022-03-30,2600 HK Equity vs 1277 HK Equity,0.009568178346384959,1.1796519529939709
25,2021-01-14,2021-12-31,2022-01-03,2022-03-30,1787 HK Equity vs 2883 HK Equity,0.010163308085725289,0.5070942931105401
25,2021-01-14,2021-12-31,2022-01-03,2022-03-30,1164 HK Equity vs 3668 HK Equity,0.010601762723308317,1.2933986108957503
25,2021-01-14,2021-12-31,2022-01-03,2022-03-30,1171 HK Equity vs 3899 HK Equity,0.013222939874977859,0.8622319531025627
25,2021-01-14,2021-12-31,2022-01-03,2022-03-30,1772 HK Equity vs 386 HK Equity,0.024461201038821868,-2.1001368568204213
25,2021-01-14,2021-12-31,2022-01-03,2022-03-30,1907 HK Equity vs 358 HK Equity,0.029272094886547615,0.4108975881734834
25,2021-01-14,2021-12-31,2022-01-03,2022-03-30,883 HK Equity vs 975 HK Equity,0.042794944757904296,0.1321609084932406
25,2021-01-14,2021-12-31,2022-01-03,2022-03-30,1258 HK Equity vs 990 HK Equity,0.04966403930607009,0.3755630868423045
25,2021-01-14,2021-12-31,2022-01-03,2022-03-30,1208 HK Equity vs 1921 HK Equity,0.0634268173267455,-0.523941409818877
25,2021-01-14,2021-12-31,2022-01-03,2022-03-30,3993 HK Equity vs 1088 HK Equity,0.07419212453147389,-0.5279940848736042
26,2021-04-13,2022-03-30,2022-03-31,2022-06-27,1347 HK Equity vs 2382 HK Equity,0.02077366702433457,0.4483621676158892
26,2021-04-13,2022-03-30,2022-03-31,2022-06-27,780 HK Equity vs 9988 HK Equity,0.028891272738405253,0.40876869704111063
26,2021-04-13,2022-03-30,2022-03-31,2022-06-27,1258 HK Equity vs 1378 HK Equity,4.996273816935147e-06,0.7325490479939265
26,2021-04-13,2022-03-30,2022-03-31,2022-06-27,3939 HK Equity vs 1171 HK Equity,0.001240605609811601,-0.1323461610361244
26,2021-04-13,2022-03-30,2022-03-31,2022-06-27,1907 HK Equity vs 2314 HK Equity,0.004238417068927861,0.533402896305798
26,2021-04-13,2022-03-30,2022-03-31,2022-06-27,2899 HK Equity vs 3899 HK Equity,0.004421145738093142,-0.187358697667111
26,2021-04-13,2022-03-30,2022-03-31,2022-06-27,1208 HK Equity vs 1921 HK Equity,0.0051101896466319964,-0.5297536167357545
26,2021-04-13,2022-03-30,2022-03-31,2022-06-27,2600 HK Equity vs 1277 HK Equity,0.016266189766626762,0.8423765668600444
26,2021-04-13,2022-03-30,2022-03-31,2022-06-27,386 HK Equity vs 934 HK Equity,0.02368437066590783,0.9519291808583938
26,2021-04-13,2022-03-30,2022-03-31,2022-06-27,2689 HK Equity vs 3668 HK Equity,0.02506655086710779,-0.5475048183506914
26,2021-04-13,2022-03-30,2022-03-31,2022-06-27,3993 HK Equity vs 1088 HK Equity,0.044868898623761824,-0.6890005673217386
26,2021-04-13,2022-03-30,2022-03-31,2022-06-27,1164 HK Equity vs 1818 HK Equity,0.04904896437244522,-0.9070648868353306
26,2021-04-13,2022-03-30,2022-03-31,2022-06-27,2099 HK Equity vs 2883 HK Equity,0.05078429628767942,0.5017370204468358
26,2021-04-13,2022-03-30,2022-03-31,2022-06-27,358 HK Equity vs 467 HK Equity,0.06061759461276012,0.37241847897391783
26,2021-04-13,2022-03-30,2022-03-31,2022-06-27,1772 HK Equity vs 1787 HK Equity,0.06419850214778387,-1.1247184923935551
26,2021-04-13,2022-03-30,2022-03-31,2022-06-27,1898 HK Equity vs 975 HK Equity,0.07293530287588924,0.35823831985762067
27,2021-07-09,2022-06-27,2022-06-28,2022-09-22,981 HK Equity vs 9988 HK Equity,0.009886561949131097,0.5234493553075421
27,2021-07-09,2022-06-27,2022-06-28,2022-09-22,992 HK Equity vs 9999 HK Equity,0.018199044133859605,0.06476417815616727
27,2021-07-09,2022-06-27,2022-06-28,2022-09-22,1347 HK Equity vs 2382 HK Equity,0.03304897344030537,0.5875269262187527
27,2021-07-09,2022-06-27,2022-06-28,2022-09-22,780 HK Equity vs 9618 HK Equity,0.037918098849849,0.6938901162062082
27,2021-07-09,2022-06-27,2022-06-28,2022-09-22,2883 HK Equity vs 857 HK Equity,0.0012993461810180118,1.4502005235345636
27,2021-07-09,2022-06-27,2022-06-28,2022-09-22,1088 HK Equity vs 1171 HK Equity,0.0027400045404919497,0.6237239059516968
27,2021-07-09,2022-06-27,2022-06-28,2022-09-22,1907 HK Equity vs 2314 HK Equity,0.0039179268973319,0.501799199206103
27,2021-07-09,2022-06-27,2022-06-28,2022-09-22,1772 HK Equity vs 3668 HK Equity,0.004821712358898507,-0.5023319444598364
27,2021-07-09,2022-06-27,2022-06-28,2022-09-22,3939 HK Equity vs 883 HK Equity,0.008648379774006325,-0.29419858497370716
27,2021-07-09,2022-06-27,2022-06-28,2022-09-22,1208 HK Equity vs 1277 HK Equity,0.009569759888868502,0.9032059781375488
27,2021-07-09,2022-06-27,2022-06-28,2022-09-22,1258 HK Equity vs 934 HK Equity,0.039061768861116536,-1.0314584009285828
27,2021-07-09,2022-06-27,2022-06-28,2022-09-22,1164 HK Equity vs 990 HK Equity,0.04616162598157029,-0.47629910301518263
27,2021-07-09,2022-06-27,2022-06-28,2022-09-22,189 HK Equity vs 3993 HK Equity,0.04912150192732934,1.5588804011828439
27,2021-07-09,2022-06-27,2022-06-28,2022-09-22,297 HK Equity vs 1921 HK Equity,0.06205393718383091,-0.24554487732649735
27,2021-07-09,2022-06-27,2022-06-28,2022-09-22,1898 HK Equity vs 639 HK Equity,0.06325424222234181,0.8629272156090678
27,2021-07-09,2022-06-27,2022-06-28,2022-09-22,358 HK Equity vs 826 HK Equity,0.06407149515284886,0.23332847290447373
27,2021-07-09,2022-06-27,2022-06-28,2022-09-22,2899 HK Equity vs 3899 HK Equity,0.06811478675997679,-0.16007397678093768
28,2021-10-06,2022-09-22,2022-09-23,2022-12-20,9618 HK Equity vs 981 HK Equity,0.0008514053974716015,1.1014778236140654
28,2021-10-06,2022-09-22,2022-09-23,2022-12-20,241 HK Equity vs 9988 HK Equity,0.0053952935887695876,1.4662536112300948
28,2021-10-06,2022-09-22,2022-09-23,2022-12-20,780 HK Equity vs 9999 HK Equity,0.06724923894205598,0.5090974213457121
28,2021-10-06,2022-09-22,2022-09-23,2022-12-20,1347 HK Equity vs 700 HK Equity,0.09157298283958987,1.406868001030131
28,2021-10-06,2022-09-22,2022-09-23,2022-12-20,826 HK Equity vs 3668 HK Equity,4.091905412400509e-05,-0.8591378572213952
28,2021-10-06,2022-09-22,2022-09-23,2022-12-20,2099 HK Equity vs 975 HK Equity,0.0003764364031045717,0.4602391121256739
28,2021-10-06,2022-09-22,2022-09-23,2022-12-20,3993 HK Equity vs 1171 HK Equity,0.0012072573882866784,-0.2477228140687854
28,2021-10-06,2022-09-22,2022-09-23,2022-12-20,3939 HK Equity vs 2883 HK Equity,0.00390700396903902,-0.25599350671344406
28,2021-10-06,2022-09-22,2022-09-23,2022-12-20,1772 HK Equity vs 1088 HK Equity,0.003957551055397453,-0.8253723780554767
28,2021-10-06,2022-09-22,2022-09-23,2022-12-20,1907 HK Equity vs 2314 HK Equity,0.004555053181289769,0.5767741542248775
28,2021-10-06,2022-09-22,2022-09-23,2022-12-20,1378 HK Equity vs 857 HK Equity,0.008669780332502385,1.4886663517119145
28,2021-10-06,2022-09-22,2022-09-23,2022-12-20,189 HK Equity vs 2689 HK Equity,0.008870439738741572,1.289948944854612
28,2021-10-06,2022-09-22,2022-09-23,2022-12-20,1898 HK Equity vs 934 HK Equity,0.016818416374811736,-1.5956365280461489
28,2021-10-06,2022-09-22,2022-09-23,2022-12-20,297 HK Equity vs 2386 HK Equity,0.018549579908657517,0.9715381976883599
28,2021-10-06,2022-09-22,2022-09-23,2022-12-20,2600 HK Equity vs 2899 HK Equity,0.03179206172877522,1.3586492922336846
28,2021-10-06,2022-09-22,2022-09-23,2022-12-20,1164 HK Equity vs 639 HK Equity,0.03663850825229393,-0.39074836890890635
28,2021-10-06,2022-09-22,2022-09-23,2022-12-20,1258 HK Equity vs 883 HK Equity,0.04090606125748752,0.9237525559544718
28,2021-10-06,2022-09-22,2022-09-23,2022-12-20,990 HK Equity vs 3899 HK Equity,0.04511274976459229,-0.7904417369271612
28,2021-10-06,2022-09-22,2022-09-23,2022-12-20,1787 HK Equity vs 1921 HK Equity,0.04709458653002153,-0.10605763635216293
29,2022-01-03,2022-12-20,2022-12-21,2023-03-17,9618 HK Equity vs 9988 HK Equity,0.0163478724659051,0.8084893259185506
29,2022-01-03,2022-12-20,2022-12-21,2023-03-17,780 HK Equity vs 992 HK Equity,0.032349847837176746,-0.11021055371953724
29,2022-01-03,2022-12-20,2022-12-21,2023-03-17,2382 HK Equity vs 700 HK Equity,0.0415166378480228,1.417232336401638
29,2022-01-03,2022-12-20,2022-12-21,2023-03-17,189 HK Equity vs 857 HK Equity,4.507741966721154e-06,0.9826495622009361
29,2022-01-03,2022-12-20,2022-12-21,2023-03-17,1208 HK Equity vs 297 HK Equity,0.0005048782257084622,1.4339510786691623
29,2022-01-03,2022-12-20,2022-12-21,2023-03-17,883 HK Equity vs 975 HK Equity,0.0008499835855341812,0.2600748860564011
29,2022-01-03,2022-12-20,2022-12-21,2023-03-17,3939 HK Equity vs 3899 HK Equity,0.0009586563303462072,-0.12121936639547057
29,2022-01-03,2022-12-20,2022-12-21,2023-03-17,2689 HK Equity vs 3993 HK Equity,0.006153218104257893,0.9380228918674623
29,2022-01-03,2022-12-20,2022-12-21,2023-03-17,1921 HK Equity vs 3668 HK Equity,0.009182026039927597,-0.4797453546739688
29,2022-01-03,2022-12-20,2022-12-21,2023-03-17,1164 HK Equity vs 1277 HK Equity,0.011387850456929586,0.5721939207168033
29,2022-01-03,2022-12-20,2022-12-21,2023-03-17,1907 HK Equity vs 2314 HK Equity,0.022367842084022413,0.5834931913185604
29,2022-01-03,2022-12-20,2022-12-21,2023-03-17,1898 HK Equity vs 934 HK Equity,0.026007310376598126,-1.017580338963446
29,2022-01-03,2022-12-20,2022-12-21,2023-03-17,1787 HK Equity vs 2899 HK Equity,0.04315883803183323,0.48456645014611877
29,2022-01-03,2022-12-20,2022-12-21,2023-03-17,1171 HK Equity vs 386 HK Equity,0.04912597586564249,-1.1718897179026961
29,2022-01-03,2022-12-20,2022-12-21,2023-03-17,1258 HK Equity vs 2386 HK Equity,0.05504954614254026,0.745938332739305
29,2022-01-03,2022-12-20,2022-12-21,2023-03-17,1088 HK Equity vs 639 HK Equity,0.0646768713483929,0.45169805432799737
30,2022-03-31,2023-03-17,2023-03-20,2023-06-14,981 HK Equity vs 9999 HK Equity,0.031370177283067985,0.0719599520739096
30,2022-03-31,2023-03-17,2023-03-20,2023-06-14,3690 HK Equity vs 9618 HK Equity,0.057845599427443155,0.7454246853565832
30,2022-03-31,2023-03-17,2023-03-20,2023-06-14,1211 HK Equity vs 2382 HK Equity,0.058512582531859,0.9009228565590207
30,2022-03-31,2023-03-17,2023-03-20,2023-06-14,1810 HK Equity vs 9988 HK Equity,0.08122980744154962,0.6758983969363668
30,2022-03-31,2023-03-17,2023-03-20,2023-06-14,1907 HK Equity vs 975 HK Equity,0.0002163388232054023,0.4090443291782675
30,2022-03-31,2023-03-17,2023-03-20,2023-06-14,1208 HK Equity vs 297 HK Equity,0.00046715555679460204,1.4654613505506022
30,2022-03-31,2023-03-17,2023-03-20,2023-06-14,1258 HK Equity vs 2314 HK Equity,0.0005512672371928881,0.7784807096559626
30,2022-03-31,2023-03-17,2023-03-20,2023-06-14,189 HK Equity vs 639 HK Equity,0.0006903077216446936,0.5569367798850516
30,2022-03-31,2023-03-17,2023-03-20,2023-06-14,1277 HK Equity vs 3899 HK Equity,0.0008650862170549592,0.42531909692091113
30,2022-03-31,2023-03-17,2023-03-20,2023-06-14,1898 HK Equity vs 467 HK Equity,0.00216502488435824,0.23596670505788456
30,2022-03-31,2023-03-17,2023-03-20,2023-06-14,3668 HK Equity vs 934 HK Equity,0.006879379906224336,0.5117316879986727
30,2022-03-31,2023-03-17,2023-03-20,2023-06-14,2600 HK Equity vs 2899 HK Equity,0.008037704869066959,1.0578750683391211
30,2022-03-31,2023-03-17,2023-03-20,2023-06-14,857 HK Equity vs 883 HK Equity,0.02633759784362502,1.117027705728901
30,2022-03-31,2023-03-17,2023-03-20,2023-06-14,1088 HK Equity vs 1921 HK Equity,0.029098657037549866,-0.2964901743319015
30,2022-03-31,2023-03-17,2023-03-20,2023-06-14,1787 HK Equity vs 1818 HK Equity,0.03084022373590451,0.3936689410701935
30,2022-03-31,2023-03-17,2023-03-20,2023-06-14,3939 HK Equity vs 826 HK Equity,0.04249365441850183,0.11821839214038546
31,2022-06-28,2023-06-14,2023-06-15,2023-09-11,3690 HK Equity vs 9618 HK Equity,0.01438501430681376,0.6380099388215691
31,2022-06-28,2023-06-14,2023-06-15,2023-09-11,285 HK Equity vs 780 HK Equity,0.06727466192312836,0.7240734663767902
31,2022-06-28,2023-06-14,2023-06-15,2023-09-11,1907 HK Equity vs 2386 HK Equity,0.001236093360009548,0.6151047511351126
31,2022-06-28,2023-06-14,2023-06-15,2023-09-11,189 HK Equity vs 2689 HK Equity,0.0015890173109680164,0.4406262762053631
31,2022-06-28,2023-06-14,2023-06-15,2023-09-11,1787 HK Equity vs 1818 HK Equity,0.004656449610939185,0.34355517534948415
31,2022-06-28,2023-06-14,2023-06-15,2023-09-11,1277 HK Equity vs 1898 HK Equity,0.006893819564585151,0.5588097331812814
31,2022-06-28,2023-06-14,2023-06-15,2023-09-11,1088 HK Equity vs 386 HK Equity,0.007083164703269907,0.3278201215892469
31,2022-06-28,2023-06-14,2023-06-15,2023-09-11,1921 HK Equity vs 3668 HK Equity,0.008139054154375365,-0.14726843672101156
31,2022-06-28,2023-06-14,2023-06-15,2023-09-11,1208 HK Equity vs 2099 HK Equity,0.015362968275887196,0.4726986367058869
31,2022-06-28,2023-06-14,2023-06-15,2023-09-11,2899 HK Equity vs 358 HK Equity,0.020638340915703393,1.1868074406633555
31,2022-06-28,2023-06-14,2023-06-15,2023-09-11,1258 HK Equity vs 2600 HK Equity,0.024043976124250226,0.5363197631764469
31,2022-06-28,2023-06-14,2023-06-15,2023-09-11,297 HK Equity vs 990 HK Equity,0.0477302677875333,0.5273947805698052
31,2022-06-28,2023-06-14,2023-06-15,2023-09-11,1164 HK Equity vs 1171 HK Equity,0.0493332390177655,0.5057850081852278
31,2022-06-28,2023-06-14,2023-06-15,2023-09-11,1772 HK Equity vs 883 HK Equity,0.08926780118914429,-0.7977479869941522
32,2022-09-23,2023-09-11,2023-09-12,2023-12-07,780 HK Equity vs 9988 HK Equity,0.01989479578433047,0.6111859736743506
32,2022-09-23,2023-09-11,2023-09-12,2023-12-07,3690 HK Equity vs 9618 HK Equity,0.03570315527666903,0.548820229399061
32,2022-09-23,2023-09-11,2023-09-12,2023-12-07,1211 HK Equity vs 9999 HK Equity,0.06974721496025772,0.6498029234754995
32,2022-09-23,2023-09-11,2023-09-12,2023-12-07,1810 HK Equity vs 700 HK Equity,0.07126457734290935,0.5616276213254725
32,2022-09-23,2023-09-11,2023-09-12,2023-12-07,189 HK Equity vs 3668 HK Equity,0.002975896342350714,0.9576909011847934
32,2022-09-23,2023-09-11,2023-09-12,2023-12-07,297 HK Equity vs 358 HK Equity,0.004850358941033887,0.4368255378204823
32,2022-09-23,2023-09-11,2023-09-12,2023-12-07,1787 HK Equity vs 1818 HK Equity,0.008383433221872105,0.3440577344106838
32,2022-09-23,2023-09-11,2023-09-12,2023-12-07,1171 HK Equity vs 1277 HK Equity,0.008965966405514576,1.0736123685926493
32,2022-09-23,2023-09-11,2023-09-12,2023-12-07,1907 HK Equity vs 2386 HK Equity,0.022364403499843317,0.5705640091633221
32,2022-09-23,2023-09-11,2023-09-12,2023-12-07,1208 HK Equity vs 883 HK Equity,0.023142433204203745,1.2723920531716584
32,2022-09-23,2023-09-11,2023-09-12,2023-12-07,990 HK Equity vs 1088 HK Equity,0.025626894180046496,0.797621146267991
32,2022-09-23,2023-09-11,2023-09-12,2023-12-07,2099 HK Equity vs 386 HK Equity,0.027738170207739516,1.4773663787993028
32,2022-09-23,2023-09-11,2023-09-12,2023-12-07,1258 HK Equity vs 934 HK Equity,0.030658943440962524,0.9206690183599572
32,2022-09-23,2023-09-11,2023-09-12,2023-12-07,1898 HK Equity vs 1921 HK Equity,0.038527268354143315,-0.31401258748305183
32,2022-09-23,2023-09-11,2023-09-12,2023-12-07,639 HK Equity vs 857 HK Equity,0.053835261597072796,-0.12325981251641241
33,2022-12-21,2023-12-07,2023-12-08,2024-03-05,3690 HK Equity vs 9988 HK Equity,0.0008070558577754106,1.1264682529186574
33,2022-12-21,2023-12-07,2023-12-08,2024-03-05,241 HK Equity vs 700 HK Equity,0.0018810023258897025,1.2653703287518847
33,2022-12-21,2023-12-07,2023-12-08,2024-03-05,9618 HK Equity vs 992 HK Equity,0.023493270329761895,-1.7431657144293062
33,2022-12-21,2023-12-07,2023-12-08,2024-03-05,297 HK Equity vs 990 HK Equity,0.00014448374955593733,0.31387280943113793
33,2022-12-21,2023-12-07,2023-12-08,2024-03-05,2099 HK Equity vs 467 HK Equity,0.001617517123883101,0.502917421132017
33,2022-12-21,2023-12-07,2023-12-08,2024-03-05,2314 HK Equity vs 934 HK Equity,0.009554426538626572,-3.1838298756337546
33,2022-12-21,2023-12-07,2023-12-08,2024-03-05,1787 HK Equity vs 1818 HK Equity,0.01655258280267811,0.3668851774236091
33,2022-12-21,2023-12-07,2023-12-08,2024-03-05,639 HK Equity vs 857 HK Equity,0.020213312794405892,-0.2786628618390019
33,2022-12-21,2023-12-07,2023-12-08,2024-03-05,2689 HK Equity vs 3939 HK Equity,0.022182769657603622,-0.9030091027932953
33,2022-12-21,2023-12-07,2023-12-08,2024-03-05,3668 HK Equity vs 3899 HK Equity,0.02475472303199716,1.16478711133382
33,2022-12-21,2023-12-07,2023-12-08,2024-03-05,1171 HK Equity vs 1277 HK Equity,0.03435120897329884,0.9480720257544177
33,2022-12-21,2023-12-07,2023-12-08,2024-03-05,1088 HK Equity vs 1898 HK Equity,0.04691283239689539,0.6087886946112042
33,2022-12-21,2023-12-07,2023-12-08,2024-03-05,2899 HK Equity vs 826 HK Equity,0.050671129682855205,0.10917194306779793
33,2022-12-21,2023-12-07,2023-12-08,2024-03-05,1907 HK Equity vs 1921 HK Equity,0.05413697872683535,-0.12627380832253557
33,2022-12-21,2023-12-07,2023-12-08,2024-03-05,3993 HK Equity vs 2883 HK Equity,0.09470231208120894,0.21965642897054097
34,2023-03-20,2024-03-05,2024-03-06,2024-05-31,700 HK Equity vs 9618 HK Equity,0.006504607959502907,0.4218816438157345
34,2023-03-20,2024-03-05,2024-03-06,2024-05-31,992 HK Equity vs 9988 HK Equity,0.03340696186769355,-0.44375601148164484
34,2023-03-20,2024-03-05,2024-03-06,2024-05-31,1211 HK Equity vs 241 HK Equity,0.06514391625215006,0.4508680419585172
34,2023-03-20,2024-03-05,2024-03-06,2024-05-31,1907 HK Equity vs 990 HK Equity,7.906546049546486e-05,0.18039208938088813
34,2023-03-20,2024-03-05,2024-03-06,2024-05-31,1164 HK Equity vs 1772 HK Equity,0.002533504932549258,-0.9935756385832327
34,2023-03-20,2024-03-05,2024-03-06,2024-05-31,3939 HK Equity vs 934 HK Equity,0.004616978932773177,3.3822754148721312
34,2023-03-20,2024-03-05,2024-03-06,2024-05-31,1818 HK Equity vs 2689 HK Equity,0.004673454571304073,0.716560848508861
34,2023-03-20,2024-03-05,2024-03-06,2024-05-31,2099 HK Equity vs 1171 HK Equity,0.0064481593575320285,0.439621483404383
34,2023-03-20,2024-03-05,2024-03-06,2024-05-31,826 HK Equity vs 2883 HK Equity,0.009138908607731182,1.226323580705909
34,2023-03-20,2024-03-05,2024-03-06,2024-05-31,1208 HK Equity vs 3899 HK Equity,0.014616084570398081,1.2741911224644247
34,2023-03-20,2024-03-05,2024-03-06,2024-05-31,1258 HK Equity vs 297 HK Equity,0.015053443290799752,-1.092583725251779
34,2023-03-20,2024-03-05,2024-03-06,2024-05-31,1088 HK Equity vs 1898 HK Equity,0.018542623425801614,0.6249487808902204
34,2023-03-20,2024-03-05,2024-03-06,2024-05-31,189 HK Equity vs 386 HK Equity,0.025711174286530955,1.3019091234424822
34,2023-03-20,2024-03-05,2024-03-06,2024-05-31,639 HK Equity vs 975 HK Equity,0.054021139550484695,0.20948344639823124
34,2023-03-20,2024-03-05,2024-03-06,2024-05-31,2314 HK Equity vs 1921 HK Equity,0.05819399624688853,-0.5506635761714707
34,2023-03-20,2024-03-05,2024-03-06,2024-05-31,2899 HK Equity vs 3668 HK Equity,0.06509394573560892,0.32448903823190256
34,2023-03-20,2024-03-05,2024-03-06,2024-05-31,1378 HK Equity vs 467 HK Equity,0.06737559844763534,0.26879203649148864
35,2023-06-15,2024-05-31,2024-06-03,2024-08-28,285 HK Equity vs 981 HK Equity,0.034031036809141026,0.4282674985511304
35,2023-06-15,2024-05-31,2024-06-03,2024-08-28,1258 HK Equity vs 934 HK Equity,0.0036072474995998975,1.9495193878886392
35,2023-06-15,2024-05-31,2024-06-03,2024-08-28,1907 HK Equity vs 1171 HK Equity,0.005343272463543207,-0.2979272873442603
35,2023-06-15,2024-05-31,2024-06-03,2024-08-28,2314 HK Equity vs 3899 HK Equity,0.008245164872028789,0.5653832152614618
35,2023-06-15,2024-05-31,2024-06-03,2024-08-28,2099 HK Equity vs 883 HK Equity,0.017709500889391088,1.0140326406556461
35,2023-06-15,2024-05-31,2024-06-03,2024-08-28,1164 HK Equity vs 639 HK Equity,0.019259585688012264,2.2178363182556757
35,2023-06-15,2024-05-31,2024-06-03,2024-08-28,189 HK Equity vs 386 HK Equity,0.055766626534943145,1.6003613513053874
35,2023-06-15,2024-05-31,2024-06-03,2024-08-28,3993 HK Equity vs 857 HK Equity,0.0781793632659131,1.5086110609021035
35,2023-06-15,2024-05-31,2024-06-03,2024-08-28,2689 HK Equity vs 297 HK Equity,0.08719356787751137,1.5598561323075208
35,2023-06-15,2024-05-31,2024-06-03,2024-08-28,990 HK Equity vs 2883 HK Equity,0.0910094116208719,1.7349749125668625
36,2023-09-12,2024-08-28,2024-08-29,2024-11-25,285 HK Equity vs 981 HK Equity,0.05655482565131859,0.6513012002889885
36,2023-09-12,2024-08-28,2024-08-29,2024-11-25,990 HK Equity vs 2883 HK Equity,0.00018689426758367823,1.3782351920844649
36,2023-09-12,2024-08-28,2024-08-29,2024-11-25,2314 HK Equity vs 358 HK Equity,0.0005482449511802306,0.25768898700299636
36,2023-09-12,2024-08-28,2024-08-29,2024-11-25,826 HK Equity vs 975 HK Equity,0.0009224862959786186,-0.32460987394442825
36,2023-09-12,2024-08-28,2024-08-29,2024-11-25,1907 HK Equity vs 934 HK Equity,0.002214131665517182,-0.2618828465650359
36,2023-09-12,2024-08-28,2024-08-29,2024-11-25,1208 HK Equity vs 3899 HK Equity,0.009768303769368315,2.46305686829924
36,2023-09-12,2024-08-28,2024-08-29,2024-11-25,1164 HK Equity vs 1258 HK Equity,0.034439411602481686,1.0353614724209972
36,2023-09-12,2024-08-28,2024-08-29,2024-11-25,2386 HK Equity vs 386 HK Equity,0.03849158366345739,1.324579087691128
36,2023-09-12,2024-08-28,2024-08-29,2024-11-25,3668 HK Equity vs 467 HK Equity,0.04037113274933699,-0.27943364271056753
36,2023-09-12,2024-08-28,2024-08-29,2024-11-25,3993 HK Equity vs 857 HK Equity,0.05963885348392517,1.370053493964178
37,2023-12-08,2024-11-25,2024-11-26,2025-02-20,241 HK Equity vs 981 HK Equity,0.013253496218435133,0.5756884724820667
37,2023-12-08,2024-11-25,2024-11-26,2025-02-20,1211 HK Equity vs 3690 HK Equity,0.0376041438523251,0.41536135891225257
37,2023-12-08,2024-11-25,2024-11-26,2025-02-20,2314 HK Equity vs 2600 HK Equity,5.106766529394753e-05,0.3048128398337686
37,2023-12-08,2024-11-25,2024-11-26,2025-02-20,990 HK Equity vs 2883 HK Equity,0.0016347568992237476,1.3961236816043727
37,2023-12-08,2024-11-25,2024-11-26,2025-02-20,2899 HK Equity vs 3993 HK Equity,0.00466629430919407,0.6514369318682306
37,2023-12-08,2024-11-25,2024-11-26,2025-02-20,386 HK Equity vs 883 HK Equity,0.0076278380843418595,0.48474658091340755
37,2023-12-08,2024-11-25,2024-11-26,2025-02-20,3668 HK Equity vs 467 HK Equity,0.02095597003379655,-0.1895144488825718
37,2023-12-08,2024-11-25,2024-11-26,2025-02-20,826 HK Equity vs 857 HK Equity,0.021669407912273793,-0.17376270285677614
37,2023-12-08,2024-11-25,2024-11-26,2025-02-20,1277 HK Equity vs 934 HK Equity,0.022329931115563067,2.7005092640544244
37,2023-12-08,2024-11-25,2024-11-26,2025-02-20,1258 HK Equity vs 3899 HK Equity,0.02493634714103094,1.2768027486716955
37,2023-12-08,2024-11-25,2024-11-26,2025-02-20,1378 HK Equity vs 2386 HK Equity,0.04009897402033171,2.27071530884836
37,2023-12-08,2024-11-25,2024-11-26,2025-02-20,2689 HK Equity vs 639 HK Equity,0.05494789660174891,0.7252037129886023
38,2024-03-06,2025-02-20,2025-02-21,2025-05-20,1810 HK Equity vs 981 HK Equity,0.04381882029388196,0.8914863104183487
38,2024-03-06,2025-02-20,2025-02-21,2025-05-20,700 HK Equity vs 9988 HK Equity,0.06012187831731193,0.7315846352478068
38,2024-03-06,2025-02-20,2025-02-21,2025-05-20,1211 HK Equity vs 241 HK Equity,0.0714836527076722,0.6749880396098145
38,2024-03-06,2025-02-20,2025-02-21,2025-05-20,3993 HK Equity vs 975 HK Equity,5.853317401690005e-07,0.6008449583566637
38,2024-03-06,2025-02-20,2025-02-21,2025-05-20,2314 HK Equity vs 2600 HK Equity,4.567086368749774e-05,0.324202931370417
38,2024-03-06,2025-02-20,2025-02-21,2025-05-20,990 HK Equity vs 1171 HK Equity,0.000572285342729044,0.742527986087974
38,2024-03-06,2025-02-20,2025-02-21,2025-05-20,358 HK Equity vs 639 HK Equity,0.0006762397353817278,0.89516494646525
38,2024-03-06,2025-02-20,2025-02-21,2025-05-20,826 HK Equity vs 1277 HK Equity,0.003512383829131322,0.20140720461236777
38,2024-03-06,2025-02-20,2025-02-21,2025-05-20,1378 HK Equity vs 1898 HK Equity,0.004168137145053192,1.28775136047623
38,2024-03-06,2025-02-20,2025-02-21,2025-05-20,1208 HK Equity vs 3899 HK Equity,0.0047885727830423224,1.5407482021391077
38,2024-03-06,2025-02-20,2025-02-21,2025-05-20,1787 HK Equity vs 2899 HK Equity,0.0426847234647465,1.2316616264997864
38,2024-03-06,2025-02-20,2025-02-21,2025-05-20,386 HK Equity vs 883 HK Equity,0.0428879704464308,0.7232657167900826
38,2024-03-06,2025-02-20,2025-02-21,2025-05-20,2883 HK Equity vs 467 HK Equity,0.052963269917392496,0.29271392261156315
38,2024-03-06,2025-02-20,2025-02-21,2025-05-20,1258 HK Equity vs 934 HK Equity,0.09310270428016643,-1.1727749259704234
38,2024-03-06,2025-02-20,2025-02-21,2025-05-20,297 HK Equity vs 857 HK Equity,0.09505998394796161,-0.47325452194292766
38,2024-03-06,2025-02-20,2025-02-21,2025-05-20,2689 HK Equity vs 1088 HK Equity,0.09516801547846715,0.7198653813773389
39,2024-06-03,2025-05-20,2025-05-21,2025-08-15,241 HK Equity vs 9988 HK Equity,0.0018317657169112215,0.9477016906838154
39,2024-06-03,2025-05-20,2025-05-21,2025-08-15,1211 HK Equity vs 700 HK Equity,0.018467815683876267,1.6549168223575628
39,2024-06-03,2025-05-20,2025-05-21,2025-08-15,990 HK Equity vs 639 HK Equity,0.00036221008548777074,1.0565753234656645
39,2024-06-03,2025-05-20,2025-05-21,2025-08-15,2314 HK Equity vs 2689 HK Equity,0.0011854777343970398,0.6945878938376058
39,2024-06-03,2025-05-20,2025-05-21,2025-08-15,467 HK Equity vs 975 HK Equity,0.00258681176003612,-0.053473556378801045
39,2024-06-03,2025-05-20,2025-05-21,2025-08-15,1258 HK Equity vs 358 HK Equity,0.004880403861114498,1.1720032309462918
39,2024-06-03,2025-05-20,2025-05-21,2025-08-15,1171 HK Equity vs 1921 HK Equity,0.005104202403976697,-0.2735341709268103
39,2024-06-03,2025-05-20,2025-05-21,2025-08-15,2883 HK Equity vs 3668 HK Equity,0.01989319244661091,0.43125762624912506
39,2024-06-03,2025-05-20,2025-05-21,2025-08-15,1772 HK Equity vs 1277 HK Equity,0.02124548121781629,0.5043813295517695
39,2024-06-03,2025-05-20,2025-05-21,2025-08-15,297 HK Equity vs 883 HK Equity,0.02139387277408144,-0.5466919826415059
39,2024-06-03,2025-05-20,2025-05-21,2025-08-15,826 HK Equity vs 386 HK Equity,0.03332048985830576,-0.5213717200108469
39,2024-06-03,2025-05-20,2025-05-21,2025-08-15,2899 HK Equity vs 2386 HK Equity,0.03371864555752184,-0.3271392442809976
39,2024-06-03,2025-05-20,2025-05-21,2025-08-15,1208 HK Equity vs 1787 HK Equity,0.0373598879651816,-0.0620052992230329
39,2024-06-03,2025-05-20,2025-05-21,2025-08-15,1164 HK Equity vs 1088 HK Equity,0.05409556443365687,2.084784281543724
39,2024-06-03,2025-05-20,2025-05-21,2025-08-15,1378 HK Equity vs 3939 HK Equity,0.08950786340898303,0.25725674244436636
40,2024-08-29,2025-08-15,2025-08-18,2025-11-12,241 HK Equity vs 9988 HK Equity,0.00020491839185463284,1.0329820045709717
40,2024-08-29,2025-08-15,2025-08-18,2025-11-12,780 HK Equity vs 981 HK Equity,0.01214844851304642,0.21348468361627548
40,2024-08-29,2025-08-15,2025-08-18,2025-11-12,3690 HK Equity vs 9999 HK Equity,0.056190651922809365,-0.4054008540045104
40,2024-08-29,2025-08-15,2025-08-18,2025-11-12,1347 HK Equity vs 700 HK Equity,0.07298982911652535,2.1023528816958534
40,2024-08-29,2025-08-15,2025-08-18,2025-11-12,1258 HK Equity vs 990 HK Equity,0.0010401983495625581,0.4925337505455745
40,2024-08-29,2025-08-15,2025-08-18,2025-11-12,358 HK Equity vs 3993 HK Equity,0.0033833164846165196,0.5868122324900806
40,2024-08-29,2025-08-15,2025-08-18,2025-11-12,2883 HK Equity vs 3668 HK Equity,0.004352985370782718,0.5380294695947433
40,2024-08-29,2025-08-15,2025-08-18,2025-11-12,2099 HK Equity vs 3939 HK Equity,0.005377780250969924,0.5599889246219139
40,2024-08-29,2025-08-15,2025-08-18,2025-11-12,883 HK Equity vs 934 HK Equity,0.007704498179457303,0.6746276644081213
40,2024-08-29,2025-08-15,2025-08-18,2025-11-12,297 HK Equity vs 857 HK Equity,0.008317582323580631,0.8986750414190283
40,2024-08-29,2025-08-15,2025-08-18,2025-11-12,1088 HK Equity vs 639 HK Equity,0.009423913749169082,0.6184561268138643
40,2024-08-29,2025-08-15,2025-08-18,2025-11-12,1164 HK Equity vs 1208 HK Equity,0.010680543569932966,0.8151823925948088
40,2024-08-29,2025-08-15,2025-08-18,2025-11-12,1378 HK Equity vs 2899 HK Equity,0.020570904833983022,1.3516366374506539
40,2024-08-29,2025-08-15,2025-08-18,2025-11-12,189 HK Equity vs 1907 HK Equity,0.020759443684731923,-1.3946877733619725
40,2024-08-29,2025-08-15,2025-08-18,2025-11-12,1787 HK Equity vs 467 HK Equity,0.026180793257251866,1.0958541062990461
40,2024-08-29,2025-08-15,2025-08-18,2025-11-12,1171 HK Equity vs 1277 HK Equity,0.032261118874826765,0.7084892183758495
40,2024-08-29,2025-08-15,2025-08-18,2025-11-12,2314 HK Equity vs 2689 HK Equity,0.03261866342765793,0.6733319817740857
40,2024-08-29,2025-08-15,2025-08-18,2025-11-12,1898 HK Equity vs 975 HK Equity,0.03594998743991601,0.4332883741077844
